Produto,Preço,Preço Original,Desconto,Desconto Percentual,Categoria Luxo,Classificação,Data
Jaqueta Corbridge,2682,4789,0.44,44.0,Luxoso,Jaqueta,28-07-2025 12:05:15
Jaqueta com motivo Polo Pony,1370,1730,0.2081,20.81,Pouco Luxoso,Jaqueta,28-07-2025 12:05:15
Jaqueta matelassê com capuz,1160,1678,0.3087,30.87,Pouco Luxoso,Jaqueta,28-07-2025 12:05:15
Jaqueta de couro,2245,5660,0.6034,60.34,Luxoso,Jaqueta,28-07-2025 12:05:15
Jaqueta jeans com capuz,5255,11700,0.5509,55.09,Luxoso,Jaqueta,28-07-2025 12:05:15
Jaqueta Bedale,4424,6551,0.3247,32.47,Luxoso,Jaqueta,28-07-2025 12:05:15
Jaqueta com estampa de logo,1798,2481,0.2753,27.53,Pouco Luxoso,Jaqueta,28-07-2025 12:05:15
Jaqueta Tommy Hilfiger,2230,3285,0.3212,32.12,Luxoso,Jaqueta,28-07-2025 12:05:15
Jaqueta bomber com bordado,10094,17019,0.4069,40.69,Muito Luxuoso,Jaqueta,28-07-2025 12:05:15
Jaqueta Powder Pass Hybrid,1134,1577,0.2809,28.09,Pouco Luxoso,Jaqueta,28-07-2025 12:05:15
Jaqueta de couro,6071,12131,0.4995,49.95,Luxoso,Jaqueta,28-07-2025 12:05:15
Jaqueta Sten-at,8196,9476,0.1351,13.51,Luxoso,Jaqueta,28-07-2025 12:05:15
Jaqueta Reedition de vinil,8530,11816,0.2781,27.81,Luxoso,Jaqueta,28-07-2025 12:05:15
Jaqueta esportiva Laurel,5356,9656,0.4453,44.53,Luxoso,Jaqueta,28-07-2025 12:05:15
Jaqueta com abotoamento e punhos canelados,16950,23821,0.2884,28.84,Muito Luxuoso,Jaqueta,28-07-2025 12:05:15
Jaqueta bomber Medusa Head,10849,20285,0.4652,46.52,Muito Luxuoso,Jaqueta,28-07-2025 12:05:15
1996 Retro Nuptse jacket,2572,4593,0.44,44.0,Luxoso,Diferentes,28-07-2025 12:05:15
Jaqueta Petronel,3989,5539,0.2798,27.98,Luxoso,Jaqueta,28-07-2025 12:05:15
Jaqueta de linho,1344,2396,0.4391,43.91,Pouco Luxoso,Jaqueta,28-07-2025 12:05:15
Jaqueta Saikuru matelassê,2459,3112,0.2098,20.98,Luxoso,Jaqueta,28-07-2025 12:05:15
Jaqueta TNF Cordura®,1176,1837,0.3598,35.98,Pouco Luxoso,Jaqueta,28-07-2025 12:05:15
Jaqueta bomber oversized,1176,3736,0.6852,68.52,Pouco Luxoso,Jaqueta,28-07-2025 12:05:15
Jaqueta com logo jacquard,5306,9426,0.4371,43.71,Luxoso,Jaqueta,28-07-2025 12:05:15
Jaqueta Funhoggers com capuz,1428,2099,0.3197,31.97,Pouco Luxoso,Jaqueta,28-07-2025 12:05:15
Jaqueta x Yinka Ilori dupla face,2381,3217,0.2599,25.99,Luxoso,Jaqueta,28-07-2025 12:05:15
Jaqueta esportiva LR-18,1426,5130,0.722,72.2,Pouco Luxoso,Jaqueta,28-07-2025 12:05:15
Jaqueta com efeito mescla,1069,2662,0.5984,59.84,Pouco Luxoso,Jaqueta,28-07-2025 12:05:15
Jaqueta Easy Winter 2.0 com capuz,2197,3616,0.3924,39.24,Luxoso,Jaqueta,28-07-2025 12:05:15
Jaqueta com padronagem abstrata,1691,4373,0.6133,61.33,Pouco Luxoso,Jaqueta,28-07-2025 12:05:15
Jaqueta bomber NSE,1459,3771,0.6131,61.31,Pouco Luxoso,Jaqueta,28-07-2025 12:05:15
Jaqueta bomber Represent Owners' Club,3383,5950,0.4314,43.14,Luxoso,Jaqueta,28-07-2025 12:05:15
Jaqueta jeans cropped,2419,4366,0.4459,44.59,Luxoso,Jaqueta,28-07-2025 12:05:15
Jaqueta Elliot matelassê,3366,4673,0.2797,27.97,Luxoso,Jaqueta,28-07-2025 12:05:15
Jaqueta com patch de bússola,7951,11239,0.2926,29.26,Luxoso,Jaqueta,28-07-2025 12:05:15
Jaqueta matelassê com zíper,3174,4407,0.2798,27.98,Luxoso,Jaqueta,28-07-2025 12:05:15
Jaqueta de linho e algodão,1866,3328,0.4393,43.93,Pouco Luxoso,Jaqueta,28-07-2025 12:05:15
Jaqueta Sena matelassê,3845,5339,0.2798,27.98,Luxoso,Jaqueta,28-07-2025 12:05:15
Jaqueta jeans,1512,2362,0.3599,35.99,Pouco Luxoso,Jaqueta,28-07-2025 12:05:15
Jaqueta Workwear,6185,7679,0.1946,19.46,Luxoso,Jaqueta,28-07-2025 12:05:15
Blazer de jersey,9920,17714,0.44,44.0,Luxoso,Blazer,28-07-2025 12:05:15
Jaqueta Nomader,1707,2672,0.3612,36.12,Pouco Luxoso,Jaqueta,28-07-2025 12:05:15
Jaqueta bomber de cetim com tag de logo,7800,13000,0.4,40.0,Luxoso,Jaqueta,28-07-2025 12:05:15
Blazer com abertura frontal,1670,5307,0.6853,68.53,Pouco Luxoso,Blazer,28-07-2025 12:05:15
Jaqueta bomber de couro com zíper,10878,27500,0.6044,60.44,Muito Luxuoso,Jaqueta,28-07-2025 12:05:15
Jaqueta assimétrica,15065,21379,0.2953,29.53,Muito Luxuoso,Jaqueta,28-07-2025 12:05:15
Jaqueta Silence Monogram de couro,5121,7529,0.3198,31.98,Luxoso,Jaqueta,28-07-2025 12:05:15
Jaqueta com capuz e zíper,1905,2646,0.28,28.0,Pouco Luxoso,Jaqueta,28-07-2025 12:05:15
Jaqueta com efeito amassado,4053,5786,0.2995,29.95,Luxoso,Jaqueta,28-07-2025 12:05:15
Jaqueta de couro,6935,9838,0.2951,29.51,Luxoso,Jaqueta,28-07-2025 12:05:15
Blazer com abotoamento duplo,5115,8519,0.3996,39.96,Luxoso,Blazer,28-07-2025 12:05:15
Jaqueta leve,4458,7956,0.4397,43.97,Luxoso,Jaqueta,28-07-2025 12:05:15
Parka leve,10220,12792,0.2011,20.11,Muito Luxuoso,Diferentes,28-07-2025 12:05:15
Jaqueta Chicago Chore,2607,5916,0.5593,55.93,Luxoso,Jaqueta,28-07-2025 12:05:15
Jaqueta bomber com zíper,3708,6173,0.3993,39.93,Luxoso,Jaqueta,28-07-2025 12:05:15
Jaqueta acolchoada com logo oculto,1917,4838,0.6038,60.38,Pouco Luxoso,Jaqueta,28-07-2025 12:05:15
Jaqueta de couro com zíper,4478,11315,0.6042,60.42,Luxoso,Jaqueta,28-07-2025 12:05:15
Jaqueta de camurça,13814,24911,0.4455,44.55,Muito Luxuoso,Jaqueta,28-07-2025 12:05:15
Jaqueta Barden,6695,13975,0.5209,52.09,Luxoso,Jaqueta,28-07-2025 12:05:15
Jaqueta bomber com bolsos,3280,8285,0.6041,60.41,Luxoso,Jaqueta,28-07-2025 12:05:15
Colete de couro,16323,24171,0.3247,32.47,Muito Luxuoso,Colete,28-07-2025 12:05:15
Jaqueta cropped color block,6338,13198,0.5198,51.98,Luxoso,Jaqueta,28-07-2025 12:05:15
Jaqueta Tommy matelassê,3845,5339,0.2798,27.98,Luxoso,Jaqueta,28-07-2025 12:05:15
Blazer com detalhe de fivela,9226,13328,0.3078,30.78,Luxoso,Blazer,28-07-2025 12:05:15
Jaqueta de algodão,9982,11744,0.15,15.0,Luxoso,Jaqueta,28-07-2025 12:05:15
Jaqueta de couro com acabamento canelado,8751,12497,0.2998,29.98,Luxoso,Jaqueta,28-07-2025 12:05:15
Blazer de alfaiataria,2130,4430,0.5192,51.92,Luxoso,Blazer,28-07-2025 12:05:15
Jaqueta Retro Nuptse 96,3123,4593,0.3201,32.01,Luxoso,Jaqueta,28-07-2025 12:05:15
Jaqueta Chrome-R,1920,5734,0.6652,66.52,Pouco Luxoso,Jaqueta,28-07-2025 12:05:15
Jaqueta bomber com logo,5130,7398,0.3066,30.66,Luxoso,Jaqueta,28-07-2025 12:05:15
Jaqueta esportiva com logo,2928,7395,0.6041,60.41,Luxoso,Jaqueta,28-07-2025 12:05:15
Jaqueta xadrez dupla face,6555,9750,0.3277,32.77,Luxoso,Jaqueta,28-07-2025 12:05:15
Jaqueta Membrana 3L TC,7062,10084,0.2997,29.97,Luxoso,Jaqueta,28-07-2025 12:05:15
Jaqueta acolchoada com abotoamento,1763,4448,0.6036,60.36,Pouco Luxoso,Jaqueta,28-07-2025 12:05:15
Jaqueta OG Detroit,2222,3136,0.2915,29.15,Luxoso,Jaqueta,28-07-2025 12:05:15
Jaqueta Merton Wax,3079,7237,0.5745,57.45,Luxoso,Jaqueta,28-07-2025 12:05:15
Jaqueta NSE com estampa,2402,4284,0.4393,43.93,Luxoso,Jaqueta,28-07-2025 12:05:15
Blazer Dine,2706,6143,0.5595,55.95,Luxoso,Blazer,28-07-2025 12:05:15
Jaqueta IP xadrez,7072,17650,0.5993,59.93,Luxoso,Jaqueta,28-07-2025 12:05:15
Moletom Sicon Ative com zíper,1127,1610,0.3,30.0,Pouco Luxoso,Diferentes,28-07-2025 12:05:15
Jaqueta Harrington,2249,3314,0.3214,32.14,Luxoso,Jaqueta,28-07-2025 12:05:15
Jaqueta Dryvent Mono,2667,4207,0.3661,36.61,Luxoso,Jaqueta,28-07-2025 12:05:15
Jaqueta de couro,3218,4010,0.1975,19.75,Luxoso,Jaqueta,28-07-2025 12:05:15
Jaqueta bomber acolchoada,3200,7097,0.5491,54.91,Luxoso,Jaqueta,28-07-2025 12:05:15
Jaqueta OG Detroit,2438,3209,0.2403,24.03,Luxoso,Jaqueta,28-07-2025 12:05:15
Jaqueta Taylon,7370,11628,0.3662,36.62,Luxoso,Jaqueta,28-07-2025 12:05:15
Jaqueta college com detalhe de patch,16364,17099,0.043,4.3,Muito Luxuoso,Jaqueta,28-07-2025 12:05:15
Blazer com abotoamento duplo,4299,7585,0.4332,43.32,Luxoso,Blazer,28-07-2025 12:05:15
Jaqueta de couro,15336,27044,0.4329,43.29,Muito Luxuoso,Jaqueta,28-07-2025 12:05:15
Jaqueta Tusco,4357,8988,0.5152,51.52,Luxoso,Jaqueta,28-07-2025 12:05:15
Jaqueta Retro Neptuse 1996,5669,9480,0.402,40.2,Luxoso,Jaqueta,28-07-2025 12:05:15
Jaqueta com patch de bússola,5463,7512,0.2728,27.28,Luxoso,Jaqueta,28-07-2025 12:05:15
Blazer risca de giz com amarração,12802,24612,0.4798,47.98,Muito Luxuoso,Blazer,28-07-2025 12:05:15
Jaqueta Field,12567,21019,0.4021,40.21,Muito Luxuoso,Jaqueta,28-07-2025 12:05:15
Jaqueta de couro com zíper,7292,12150,0.3998,39.98,Luxoso,Jaqueta,28-07-2025 12:05:15
Blazer de linho,2134,5326,0.5993,59.93,Luxoso,Blazer,28-07-2025 12:05:15
Jaqueta de couro com zíper,4809,13500,0.6438,64.38,Luxoso,Jaqueta,28-07-2025 12:05:15
